year,partner_code,partner,value,share_pct,rank,basis
2003,620,Portugal,738560447,16.668,1,mirror
2003,842,EUA,490609324,11.072,2,mirror
2003,528,Países Baixos,476104534,10.745,3,mirror
2003,710,África do Sul,447411141,10.097,4,mirror
2003,516,Namíbia,321262026,7.25,5,mirror
2003,251,França,262999512,5.935,6,mirror
2003,76,Brasil,234256348,5.287,7,mirror
2003,826,Reino Unido,169493657,3.825,8,mirror
2003,156,China,145791215,3.29,9,mirror
2003,56,Bélgica,143337360,3.235,10,mirror
2004,620,Portugal,850041660,16.759,1,direct
2004,710,África do Sul,562571321,11.092,2,direct
2004,842,EUA,434782497,8.572,3,direct
2004,76,Brasil,404669062,7.978,4,direct
2004,410,Coreia do Sul,370597175,7.307,5,direct
2004,56,Bélgica,265308045,5.231,6,direct
2004,156,China,258479283,5.096,7,direct
2004,251,França,246202947,4.854,8,direct
2004,392,Japão,245452950,4.839,9,direct
2004,826,Reino Unido,128218340,2.528,10,direct
2004,410,Coreia do Sul,1814112250,27.178,1,mirror
2004,620,Portugal,833540566,12.488,2,mirror
2004,842,EUA,593896743,8.897,3,mirror
2004,710,África do Sul,481942700,7.22,4,mirror
2004,76,Brasil,354995873,5.318,5,mirror
2004,392,Japão,303584024,4.548,6,mirror
2004,251,França,273519968,4.098,7,mirror
2004,516,Namíbia,244578420,3.664,8,mirror
2004,826,Reino Unido,219374293,3.287,9,mirror
2004,156,China,193517905,2.899,10,mirror
2005,620,Portugal,1016803387,12.858,1,direct
2005,842,EUA,808913056,10.229,2,direct
2005,408,Coreia do Norte,564376395,7.137,3,direct
2005,710,África do Sul,550927658,6.967,4,direct
2005,76,Brasil,500242641,6.326,5,direct
2005,156,China,424506267,5.368,6,direct
2005,410,Coreia do Sul,423982726,5.361,7,direct
2005,56,Bélgica,367508950,4.647,8,direct
2005,48,Barém,364408219,4.608,9,direct
2005,251,França,307042563,3.883,10,direct
2005,410,Coreia do Sul,1517394108,19.536,1,mirror
2005,620,Portugal,996493794,12.83,2,mirror
2005,842,EUA,929046776,11.961,3,mirror
2005,710,África do Sul,544527941,7.011,4,mirror
2005,76,Brasil,521942487,6.72,5,mirror
2005,156,China,372793946,4.8,6,mirror
2005,251,França,370800369,4.774,7,mirror
2005,826,Reino Unido,288709466,3.717,8,mirror
2005,516,Namíbia,194520201,2.504,9,mirror
2005,528,Países Baixos,182647508,2.352,10,mirror
2006,842,EUA,1618592554,15.246,1,direct
2006,620,Portugal,1591975361,14.995,2,direct
2006,156,China,867500662,8.171,3,direct
2006,76,Brasil,776294326,7.312,4,direct
2006,710,África do Sul,707728892,6.666,5,direct
2006,251,França,537643117,5.064,6,direct
2006,56,Bélgica,498369384,4.694,7,direct
2006,699,Índia,431023572,4.06,8,direct
2006,826,Reino Unido,408020661,3.843,9,direct
2006,392,Japão,360495133,3.396,10,direct
2006,842,EUA,1550235993,14.575,1,mirror
2006,620,Portugal,1518680047,14.278,2,mirror
2006,410,Coreia do Sul,1037088258,9.751,3,mirror
2006,156,China,894185633,8.407,4,mirror
2006,76,Brasil,835384463,7.854,5,mirror
2006,710,África do Sul,686530399,6.455,6,mirror
2006,251,França,633659500,5.958,7,mirror
2006,826,Reino Unido,392849352,3.694,8,mirror
2006,276,Alemanha,254231000,2.39,9,mirror
2006,724,Espanha,245647895,2.31,10,mirror
2007,620,Portugal,2424951483,16.306,1,direct
2007,842,EUA,1408399756,9.47,2,direct
2007,156,China,1341503767,9.02,3,direct
2007,76,Brasil,1135421555,7.635,4,direct
2007,408,Coreia do Norte,1051178545,7.068,5,direct
2007,710,África do Sul,802926382,5.399,6,direct
2007,56,Bélgica,712200191,4.789,7,direct
2007,699,Índia,674315806,4.534,8,direct
2007,251,França,640601820,4.308,9,direct
2007,826,Reino Unido,559140539,3.76,10,direct
2007,620,Portugal,2302804957,18.186,1,mirror
2007,842,EUA,1280156687,10.11,2,mirror
2007,156,China,1234518651,9.749,3,mirror
2007,76,Brasil,1214615103,9.592,4,mirror
2007,710,África do Sul,772161357,6.098,5,mirror
2007,251,França,741950744,5.859,6,mirror
2007,826,Reino Unido,548083380,4.328,7,mirror
2007,276,Alemanha,512351000,4.046,8,mirror
2007,528,Países Baixos,349312583,2.759,9,mirror
2007,56,Bélgica,348491450,2.752,10,mirror
2008,620,Portugal,3582413933,14.973,1,direct
2008,156,China,2162518026,9.038,2,direct
2008,842,EUA,2095974990,8.76,3,direct
2008,76,Brasil,1988761872,8.312,4,direct
2008,528,Países Baixos,1632946558,6.825,5,direct
2008,710,África do Sul,1122041759,4.69,6,direct
2008,410,Coreia do Sul,1052495917,4.399,7,direct
2008,56,Bélgica,956828711,3.999,8,direct
2008,699,Índia,914117951,3.821,9,direct
2008,784,Emirados Árabes Unidos,883975880,3.695,10,direct
2008,620,Portugal,3325748025,16.26,1,mirror
2008,156,China,2942469756,14.386,2,mirror
2008,842,EUA,2116986519,10.35,3,mirror
2008,76,Brasil,1963669117,9.601,4,mirror
2008,410,Coreia do Sul,1266286819,6.191,5,mirror
2008,710,África do Sul,897844578,4.39,6,mirror
2008,251,França,745298055,3.644,7,mirror
2008,724,Espanha,713873703,3.49,8,mirror
2008,276,Alemanha,571478222,2.794,9,mirror
2008,56,Bélgica,550809691,2.693,10,mirror
2009,620,Portugal,3704037715,15.486,1,direct
2009,156,China,2094782750,8.758,2,direct
2009,842,EUA,1947700684,8.143,3,direct
2009,76,Brasil,1587724279,6.638,4,direct
2009,710,África do Sul,1465902027,6.129,5,direct
2009,528,Países Baixos,1260263169,5.269,6,direct
2009,699,Índia,1171807310,4.899,7,direct
2009,392,Japão,1144055337,4.783,8,direct
2009,826,Reino Unido,997913253,4.172,9,direct
2009,56,Bélgica,900148143,3.763,10,direct
2009,620,Portugal,3123562899,17.511,1,mirror
2009,156,China,2385960008,13.376,2,mirror
2009,842,EUA,1422873066,7.977,3,mirror
2009,76,Brasil,1328977054,7.45,4,mirror
2009,178,Congo,952953750,5.342,5,mirror
2009,251,França,752694622,4.22,6,mirror
2009,380,Itália,711760481,3.99,7,mirror
2009,710,África do Sul,681987424,3.823,8,mirror
2009,516,Namíbia,663747537,3.721,9,mirror
2009,699,Índia,586221336,3.286,10,mirror
2010,620,Portugal,2607038140,14.369,1,direct
2010,528,Países Baixos,2050638945,11.302,2,direct
2010,156,China,1829198708,10.082,3,direct
2010,842,EUA,1679331344,9.256,4,direct
2010,76,Brasil,963915131,5.313,5,direct
2010,251,França,887017586,4.889,6,direct
2010,826,Reino Unido,854643217,4.711,7,direct
2010,710,África do Sul,843147039,4.647,8,direct
2010,56,Bélgica,812816037,4.48,9,direct
2010,579,Noruega,593202813,3.27,10,direct
2010,620,Portugal,2521239154,15.887,1,mirror
2010,156,China,2003872576,12.627,2,mirror
2010,842,EUA,1293490947,8.151,3,mirror
2010,76,Brasil,944349251,5.951,4,mirror
2010,178,Congo,903444174,5.693,5,mirror
2010,251,França,841481858,5.302,6,mirror
2010,826,Reino Unido,826898986,5.211,7,mirror
2010,710,África do Sul,711964582,4.486,8,mirror
2010,699,Índia,597008868,3.762,9,mirror
2010,516,Namíbia,558964869,3.522,10,mirror
2011,620,Portugal,3455494969,16.62,1,direct
2011,410,Coreia do Sul,2349725667,11.302,2,direct
2011,156,China,1837128963,8.836,3,direct
2011,528,Países Baixos,1816622261,8.738,4,direct
2011,842,EUA,1747664018,8.406,5,direct
2011,710,África do Sul,987867818,4.751,6,direct
2011,76,Brasil,939992479,4.521,7,direct
2011,251,França,855179886,4.113,8,direct
2011,826,Reino Unido,789491140,3.797,9,direct
2011,56,Bélgica,633415232,3.047,10,direct
2011,620,Portugal,3242809358,17.696,1,mirror
2011,156,China,2784153366,15.193,2,mirror
2011,842,EUA,1503222549,8.203,3,mirror
2011,178,Congo,1197014091,6.532,4,mirror
2011,76,Brasil,1072383838,5.852,5,mirror
2011,710,África do Sul,889860399,4.856,6,mirror
2011,251,França,814014280,4.442,7,mirror
2011,826,Reino Unido,602519822,3.288,8,mirror
2011,699,Índia,536425244,2.927,9,mirror
2011,784,Emirados Árabes Unidos,506138661,2.762,10,mirror
2012,620,Portugal,5378237289,18.725,1,direct
2012,156,China,3457048494,12.036,2,direct
2012,842,EUA,2416207234,8.412,3,direct
2012,702,Singapura,2212481628,7.703,4,direct
2012,710,África do Sul,1535782348,5.347,5,direct
2012,76,Brasil,1504223663,5.237,6,direct
2012,251,França,1090928236,3.798,7,direct
2012,56,Bélgica,1063456547,3.702,8,direct
2012,826,Reino Unido,1058118914,3.684,9,direct
2012,784,Emirados Árabes Unidos,887320532,3.089,10,direct
2012,156,China,4039171270,18.266,1,mirror
2012,620,Portugal,3843282354,17.38,2,mirror
2012,842,EUA,1490579464,6.741,3,mirror
2012,76,Brasil,1143041491,5.169,4,mirror
2012,784,Emirados Árabes Unidos,1127919425,5.101,5,mirror
2012,710,África do Sul,1001321305,4.528,6,mirror
2012,251,França,699384503,3.163,7,mirror
2012,266,Gabão,641955945,2.903,8,mirror
2012,826,Reino Unido,636488718,2.878,9,mirror
2012,528,Países Baixos,559688960,2.531,10,mirror
2013,620,Portugal,4339196450,16.218,1,direct
2013,410,Coreia do Sul,4239548971,15.845,2,direct
2013,156,China,2807559763,10.493,3,direct
2013,842,EUA,1678238536,6.272,4,direct
2013,702,Singapura,1402073500,5.24,5,direct
2013,710,África do Sul,1198043342,4.478,6,direct
2013,76,Brasil,1185093950,4.429,7,direct
2013,826,Reino Unido,952704778,3.561,8,direct
2013,784,Emirados Árabes Unidos,885581711,3.31,9,direct
2013,56,Bélgica,831660513,3.108,10,direct
2013,620,Portugal,4132171422,16.903,1,mirror
2013,156,China,3964058933,16.215,2,mirror
2013,842,EUA,1443438524,5.905,3,mirror
2013,76,Brasil,1270896529,5.199,4,mirror
2013,410,Coreia do Sul,1241663430,5.079,5,mirror
2013,710,África do Sul,1005091837,4.111,6,mirror
2013,757,Suíça,975117383,3.989,7,mirror
2013,178,Congo,891371421,3.646,8,mirror
2013,826,Reino Unido,857460312,3.508,9,mirror
2013,266,Gabão,716846901,2.932,10,mirror
2014,620,Portugal,4781920802,16.631,1,direct
2014,156,China,3428512382,11.924,2,direct
2014,702,Singapura,2515380861,8.748,3,direct
2014,842,EUA,2293681442,7.977,4,direct
2014,76,Brasil,1563690066,5.438,5,direct
2014,784,Emirados Árabes Unidos,1364057210,4.744,6,direct
2014,710,África do Sul,1296033624,4.507,7,direct
2014,826,Reino Unido,1062229664,3.694,8,direct
2014,251,França,1027323408,3.573,9,direct
2014,56,Bélgica,1011226934,3.517,10,direct
2014,156,China,5974996819,21.031,1,mirror
2014,620,Portugal,4221779852,14.86,2,mirror
2014,842,EUA,2039125048,7.177,3,mirror
2014,410,Coreia do Sul,1799967036,6.336,4,mirror
2014,76,Brasil,1261603886,4.441,5,mirror
2014,784,Emirados Árabes Unidos,1243942665,4.378,6,mirror
2014,710,África do Sul,1049218887,3.693,7,mirror
2014,178,Congo,1037940591,3.653,8,mirror
2014,251,França,1022092816,3.598,9,mirror
2014,826,Reino Unido,999945430,3.52,10,mirror
2015,156,China,3311091334,15.365,1,direct
2015,620,Portugal,2783117807,12.915,2,direct
2015,702,Singapura,2092488997,9.71,3,direct
2015,842,EUA,1720304160,7.983,4,direct
2015,710,África do Sul,1007873691,4.677,5,direct
2015,458,Malásia,900535006,4.179,6,direct
2015,76,Brasil,874844001,4.06,7,direct
2015,56,Bélgica,836612948,3.882,8,direct
2015,826,Reino Unido,779502356,3.617,9,direct
2015,410,Coreia do Sul,721535064,3.348,10,direct
2015,156,China,3717145883,20.063,1,mirror
2015,620,Portugal,2328017606,12.565,2,mirror
2015,410,Coreia do Sul,1858841501,10.033,3,mirror
2015,842,EUA,1166161667,6.294,4,mirror
2015,178,Congo,892876148,4.819,5,mirror
2015,826,Reino Unido,698602149,3.771,6,mirror
2015,384,Costa do Marfim,680612294,3.673,7,mirror
2015,710,África do Sul,673942095,3.637,8,mirror
2015,251,França,673254947,3.634,9,mirror
2015,76,Brasil,645230155,3.483,10,mirror
2016,620,Portugal,1902467438,13.26,1,direct
2016,842,EUA,1698553246,11.838,2,direct
2016,156,China,1674919663,11.674,3,direct
2016,710,África do Sul,678586060,4.73,4,direct
2016,76,Brasil,668479595,4.659,5,direct
2016,56,Bélgica,608878658,4.244,6,direct
2016,826,Reino Unido,523787169,3.651,7,direct
2016,702,Singapura,523593020,3.649,8,direct
2016,643,Rússia,497817809,3.47,9,direct
2016,579,Noruega,476653031,3.322,10,direct
2016,156,China,1680398624,14.417,1,mirror
2016,620,Portugal,1661634876,14.256,2,mirror
2016,842,EUA,1249758184,10.722,3,mirror
2016,178,Congo,842533064,7.229,4,mirror
2016,643,Rússia,596436273,5.117,5,mirror
2016,710,África do Sul,564379112,4.842,6,mirror
2016,410,Coreia do Sul,552524623,4.74,7,mirror
2016,76,Brasil,539731115,4.631,8,mirror
2016,826,Reino Unido,499717790,4.287,9,mirror
2016,579,Noruega,464491130,3.985,10,mirror
2017,620,Portugal,2644533341,16.349,1,direct
2017,156,China,2098359036,12.972,2,direct
2017,842,EUA,1058358824,6.543,3,direct
2017,76,Brasil,871869886,5.39,4,direct
2017,710,África do Sul,799302724,4.941,5,direct
2017,56,Bélgica,681687734,4.214,6,direct
2017,826,Reino Unido,562723865,3.479,7,direct
2017,768,Togo,558155042,3.451,8,direct
2017,251,França,528034028,3.264,9,direct
2017,702,Singapura,497643567,3.077,10,direct
2017,156,China,2257453225,19.007,1,mirror
2017,620,Portugal,2016751907,16.98,2,mirror
2017,842,EUA,809493487,6.815,3,mirror
2017,76,Brasil,670449108,5.645,4,mirror
2017,710,África do Sul,581192907,4.893,5,mirror
2017,178,Congo,519812424,4.377,6,mirror
2017,826,Reino Unido,493345656,4.154,7,mirror
2017,784,Emirados Árabes Unidos,389469397,3.279,8,mirror
2017,251,França,342264328,2.882,9,mirror
2017,410,Coreia do Sul,338843787,2.853,10,mirror
2018,156,China,2312650647,13.974,1,direct
2018,620,Portugal,2197417217,13.278,2,direct
2018,702,Singapura,1819104131,10.992,3,direct
2018,56,Bélgica,1088768310,6.579,4,direct
2018,768,Togo,981826977,5.933,5,direct
2018,842,EUA,791103283,4.78,6,direct
2018,76,Brasil,765622001,4.626,7,direct
2018,710,África do Sul,596197995,3.602,8,direct
2018,699,Índia,494565452,2.988,9,direct
2018,826,Reino Unido,474278254,2.866,10,direct
2018,156,China,2253137107,21.769,1,mirror
2018,620,Portugal,1927910973,18.626,2,mirror
2018,784,Emirados Árabes Unidos,536317090,5.182,3,mirror
2018,842,EUA,525185650,5.074,4,mirror
2018,710,África do Sul,486345132,4.699,5,mirror
2018,76,Brasil,457457187,4.42,6,mirror
2018,251,França,316769221,3.06,7,mirror
2018,178,Congo,273092389,2.638,8,mirror
2018,699,Índia,270196633,2.61,9,mirror
2018,826,Reino Unido,264130853,2.552,10,mirror
2019,156,China,2032762131,14.553,1,direct
2019,251,França,2002352753,14.336,2,direct
2019,620,Portugal,1704788302,12.205,3,direct
2019,56,Bélgica,887350191,6.353,4,direct
2019,410,Coreia do Sul,750159351,5.371,5,direct
2019,842,EUA,677247818,4.849,6,direct
2019,76,Brasil,558501319,3.999,7,direct
2019,710,África do Sul,493419613,3.533,8,direct
2019,699,Índia,482910369,3.457,9,direct
2019,768,Togo,449142122,3.216,10,direct
2019,156,China,2055727417,21.679,1,mirror
2019,620,Portugal,1386917473,14.626,2,mirror
2019,566,Nigéria,566278010,5.972,3,mirror
2019,842,EUA,536171052,5.654,4,mirror
2019,710,África do Sul,460838152,4.86,5,mirror
2019,76,Brasil,444778475,4.691,6,mirror
2019,784,Emirados Árabes Unidos,300657116,3.171,7,mirror
2019,826,Reino Unido,291852253,3.078,8,mirror
2019,699,Índia,288812309,3.046,9,mirror
2019,251,França,286664624,3.023,10,mirror
2020,156,China,1423129387,15.43,1,direct
2020,620,Portugal,1280452619,13.883,2,direct
2020,842,EUA,607057680,6.582,3,direct
2020,76,Brasil,531079498,5.758,4,direct
2020,699,Índia,449689235,4.876,5,direct
2020,56,Bélgica,402225566,4.361,6,direct
2020,710,África do Sul,400635321,4.344,7,direct
2020,826,Reino Unido,377746911,4.096,8,direct
2020,410,Coreia do Sul,292713835,3.174,9,direct
2020,251,França,282609464,3.064,10,direct
2020,156,China,1748092204,23.026,1,mirror
2020,620,Portugal,994076797,13.094,2,mirror
2020,842,EUA,470520734,6.198,3,mirror
2020,76,Brasil,350318260,4.614,4,mirror
2020,710,África do Sul,349188728,4.6,5,mirror
2020,826,Reino Unido,335643554,4.421,6,mirror
2020,699,Índia,241133471,3.176,7,mirror
2020,251,França,231899578,3.055,8,mirror
2020,784,Emirados Árabes Unidos,217500877,2.865,9,mirror
2020,380,Itália,215913504,2.844,10,mirror
2021,156,China,1716796322,14.922,1,direct
2021,620,Portugal,1368167928,11.892,2,direct
2021,699,Índia,753964999,6.553,3,direct
2021,768,Togo,689755756,5.995,4,direct
2021,842,EUA,635430556,5.523,5,direct
2021,76,Brasil,550834140,4.788,6,direct
2021,528,Países Baixos,453776727,3.944,7,direct
2021,826,Reino Unido,443225486,3.852,8,direct
2021,380,Itália,427452476,3.715,9,direct
2021,251,França,412393458,3.584,10,direct
2021,156,China,2437309104,25.79,1,mirror
2021,620,Portugal,1125527173,11.91,2,mirror
2021,528,Países Baixos,469749485,4.971,3,mirror
2021,842,EUA,449394999,4.755,4,mirror
2021,699,Índia,408731604,4.325,5,mirror
2021,76,Brasil,407978405,4.317,6,mirror
2021,784,Emirados Árabes Unidos,391991732,4.148,7,mirror
2021,710,África do Sul,330095442,3.493,8,mirror
2021,380,Itália,328956970,3.481,9,mirror
2021,826,Reino Unido,294850132,3.12,10,mirror
2022,156,China,2855930452,16.042,1,direct
2022,620,Portugal,1913296319,10.747,2,direct
2022,410,Coreia do Sul,1641629820,9.221,3,direct
2022,528,Países Baixos,1215665256,6.828,4,direct
2022,699,Índia,1082864252,6.083,5,direct
2022,842,EUA,842276412,4.731,6,direct
2022,56,Bélgica,810895043,4.555,7,direct
2022,76,Brasil,724095572,4.067,8,direct
2022,784,Emirados Árabes Unidos,668346386,3.754,9,direct
2022,826,Reino Unido,637633601,3.582,10,direct
2022,156,China,4096911182,27.905,1,mirror
2022,620,Portugal,1506771126,10.263,2,mirror
2022,528,Países Baixos,1322822571,9.01,3,mirror
2022,784,Emirados Árabes Unidos,842352187,5.738,4,mirror
2022,842,EUA,651454968,4.437,5,mirror
2022,76,Brasil,640258259,4.361,6,mirror
2022,699,Índia,622547722,4.24,7,mirror
2022,710,África do Sul,434704371,2.961,8,mirror
2022,826,Reino Unido,390936727,2.663,9,mirror
2022,360,Indonésia,319753861,2.178,10,mirror
2023,156,China,2510127234,16.119,1,direct
2023,620,Portugal,1753010685,11.257,2,direct
2023,699,Índia,1080780650,6.94,3,direct
2023,784,Emirados Árabes Unidos,1001735717,6.433,4,direct
2023,842,EUA,907655724,5.829,5,direct
2023,768,Togo,755746781,4.853,6,direct
2023,410,Coreia do Sul,668389007,4.292,7,direct
2023,826,Reino Unido,630237068,4.047,8,direct
2023,76,Brasil,588889550,3.782,9,direct
2023,528,Países Baixos,532745934,3.421,10,direct
2023,156,China,4141201134,31.701,1,mirror
2023,620,Portugal,1362575919,10.431,2,mirror
2023,699,Índia,634338453,4.856,3,mirror
2023,842,EUA,595278456,4.557,4,mirror
2023,784,Emirados Árabes Unidos,532716436,4.078,5,mirror
2023,410,Coreia do Sul,474761476,3.634,6,mirror
2023,380,Itália,473766699,3.627,7,mirror
2023,528,Países Baixos,456098926,3.491,8,mirror
2023,76,Brasil,409769293,3.137,9,mirror
2023,710,África do Sul,379293334,2.903,10,mirror
2024,156,China,2273771989,15.156,1,direct
2024,620,Portugal,1425965660,9.505,2,direct
2024,826,Reino Unido,1134948252,7.565,3,direct
2024,842,EUA,925192878,6.167,4,direct
2024,699,Índia,897713832,5.984,5,direct
2024,410,Coreia do Sul,700011562,4.666,6,direct
2024,56,Bélgica,662907313,4.419,7,direct
2024,76,Brasil,574457140,3.829,8,direct
2024,251,França,564362626,3.762,9,direct
2024,710,África do Sul,532278170,3.548,10,direct
2024,156,China,3243273029,26.92,1,mirror
2024,620,Portugal,1077084167,8.94,2,mirror
2024,410,Coreia do Sul,709556923,5.889,3,mirror
2024,842,EUA,682352869,5.664,4,mirror
2024,699,Índia,574267179,4.767,5,mirror
2024,380,Itália,567265582,4.708,6,mirror
2024,826,Reino Unido,543915631,4.515,7,mirror
2024,251,França,515068655,4.275,8,mirror
2024,76,Brasil,492587781,4.089,9,mirror
2024,579,Noruega,375454848,3.116,10,mirror
