year,partner_code,partner,exports,imports,trade_volume,balance,basis
2003,24,Angola,145791215,2205934880,2351726095,-2060143665,direct
2003,76,Brasil,2143255914,5842291688,7985547602,-3699035774,direct
2003,76,Brasil,2326252397,4531201183,6857453580,-2204948786,mirror
2003,132,Cabo Verde,2596097,353,2596450,2595744,direct
2003,132,Cabo Verde,4077521,0,4077521,4077521,mirror
2003,226,Guiné Equatorial,5048022,411886532,416934554,-406838510,direct
2003,508,Moçambique,45028314,26591793,71620107,18436521,direct
2003,508,Moçambique,40625460,5412123,46037583,35213337,mirror
2003,620,Portugal,406256461,194613740,600870201,211642721,direct
2003,620,Portugal,419777204,169608352,589385556,250168852,mirror
2003,624,Guiné-Bissau,12350232,0,12350232,12350232,direct
2003,624,Guiné-Bissau,12291236,988631,13279867,11302605,mirror
2003,626,Timor-Leste,1067053,62,1067115,1066991,direct
2003,678,São Tomé e Príncipe,199397,29404,228801,169993,direct
2003,678,São Tomé e Príncipe,45650,0,45650,45650,mirror
2004,24,Angola,193517905,4717339146,4910857051,-4523821241,direct
2004,24,Angola,258479282,4260538673,4519017955,-4002059391,mirror
2004,76,Brasil,3674104212,8672861322,12346965534,-4998757110,direct
2004,76,Brasil,4047080318,5438637977,9485718295,-1391557659,mirror
2004,132,Cabo Verde,2746211,0,2746211,2746211,direct
2004,132,Cabo Verde,4780347,0,4780347,4780347,mirror
2004,226,Guiné Equatorial,10124623,996649809,1006774432,-986525186,direct
2004,508,Moçambique,75154316,44286108,119440424,30868208,direct
2004,508,Moçambique,40270002,21390760,61660762,18879242,mirror
2004,620,Portugal,588259140,280896511,869155651,307362629,direct
2004,620,Portugal,570120449,125556421,695676870,444564028,mirror
2004,624,Guiné-Bissau,5994304,29251,6023555,5965053,direct
2004,624,Guiné-Bissau,5818599,0,5818599,5818599,mirror
2004,626,Timor-Leste,1708545,89,1708634,1708456,direct
2004,626,Timor-Leste,1149138,9843,1158981,1139295,mirror
2004,678,São Tomé e Príncipe,222785,1337546,1560331,-1114761,direct
2004,678,São Tomé e Príncipe,13409,0,13409,13409,mirror
2005,24,Angola,372793946,6581828714,6954622660,-6209034768,direct
2005,24,Angola,424506266,6698133090,7122639356,-6273626824,mirror
2005,76,Brasil,4827209396,9992524117,14819733513,-5165314721,direct
2005,76,Brasil,5820710702,6826868482,12647579184,-1006157780,mirror
2005,132,Cabo Verde,5187788,0,5187788,5187788,direct
2005,132,Cabo Verde,6209203,4072,6213275,6205131,mirror
2005,226,Guiné Equatorial,18801431,1437833974,1456635405,-1419032543,direct
2005,508,Moçambique,91477874,73527324,165005198,17950550,direct
2005,508,Moçambique,68288924,34130204,102419128,34158720,mirror
2005,620,Portugal,911952506,323834266,1235786772,588118240,direct
2005,620,Portugal,705429691,210024756,915454447,495404935,mirror
2005,624,Guiné-Bissau,5793889,0,5793889,5793889,direct
2005,624,Guiné-Bissau,2665848,0,2665848,2665848,mirror
2005,626,Timor-Leste,1272825,716,1273541,1272109,direct
2005,626,Timor-Leste,1683807,13192,1696999,1670615,mirror
2005,678,São Tomé e Príncipe,550025,0,550025,550025,direct
2005,678,São Tomé e Príncipe,93553,0,93553,93553,mirror
2006,24,Angola,894185633,10933295107,11827480740,-10039109474,direct
2006,24,Angola,867500662,11045194922,11912695584,-10177694260,mirror
2006,76,Brasil,7380105731,12909495161,20289600892,-5529389430,direct
2006,76,Brasil,8581338258,8398203752,16979542010,183134506,mirror
2006,132,Cabo Verde,10094090,344,10094434,10093746,direct
2006,132,Cabo Verde,10709278,2927,10712205,10706351,mirror
2006,226,Guiné Equatorial,41107988,2537591664,2578699652,-2496483676,direct
2006,508,Moçambique,127940363,79772228,207712591,48168135,direct
2006,508,Moçambique,82660330,32939441,115599771,49720889,mirror
2006,620,Portugal,1359664205,353809128,1713473333,1005855077,direct
2006,620,Portugal,966469780,267970108,1234439888,698499672,mirror
2006,624,Guiné-Bissau,5677056,64,5677120,5676992,direct
2006,626,Timor-Leste,5794277,10964132,16758409,-5169855,direct
2006,678,São Tomé e Príncipe,1217928,0,1217928,1217928,direct
2006,678,São Tomé e Príncipe,248982,0,248982,248982,mirror
2007,24,Angola,1234518651,12888664603,14123183254,-11654145952,direct
2007,24,Angola,1341503766,13459776070,14801279836,-12118272304,mirror
2007,76,Brasil,11398472406,18342070986,29740543392,-6943598580,direct
2007,76,Brasil,13660896542,10776728025,24437624567,2884168517,mirror
2007,132,Cabo Verde,16826488,50,16826538,16826438,direct
2007,132,Cabo Verde,11802046,16328,11818374,11785718,mirror
2007,226,Guiné Equatorial,92790802,1697283346,1790074148,-1604492544,direct
2007,508,Moçambique,163552940,124248069,287801009,39304871,direct
2007,508,Moçambique,103221474,44040728,147262202,59180746,mirror
2007,620,Portugal,1834752144,384642280,2219394424,1450109864,direct
2007,620,Portugal,1438797759,241273743,1680071502,1197524016,mirror
2007,624,Guiné-Bissau,7308823,172994,7481817,7135829,direct
2007,626,Timor-Leste,9519753,49480,9569233,9470273,direct
2007,678,São Tomé e Príncipe,1796699,0,1796699,1796699,direct
2007,678,São Tomé e Príncipe,762031,0,762031,762031,mirror
2008,24,Angola,2942469756,22382523829,25324993585,-19440054073,direct
2008,24,Angola,2162518025,19795502171,21958020196,-17632984146,mirror
2008,76,Brasil,18807457292,29863442631,48670899923,-11055985339,direct
2008,76,Brasil,21737741880,16519994032,38257735912,5217747848,mirror
2008,132,Cabo Verde,14953954,0,14953954,14953954,direct
2008,132,Cabo Verde,13793038,0,13793038,13793038,mirror
2008,226,Guiné Equatorial,277390904,2267871882,2545262786,-1990480978,direct
2008,508,Moçambique,295994949,125882374,421877323,170112575,direct
2008,508,Moçambique,156094057,51604163,207698220,104489894,mirror
2008,620,Portugal,2317102263,387489834,2704592097,1929612429,direct
2008,620,Portugal,1956539189,259774526,2216313715,1696764663,mirror
2008,624,Guiné-Bissau,6146998,1242562,7389560,4904436,direct
2008,626,Timor-Leste,9426360,106162,9532522,9320198,direct
2008,678,São Tomé e Príncipe,1887730,17127,1904857,1870603,direct
2008,678,São Tomé e Príncipe,1029203,0,1029203,1029203,mirror
2009,24,Angola,2385960008,14675830702,17061790710,-12289870694,direct
2009,24,Angola,2094782750,15954060922,18048843672,-13859278172,mirror
2009,76,Brasil,14118518263,28280982512,42399500775,-14162464249,direct
2009,76,Brasil,16937000078,20994919787,37931919865,-4057919709,mirror
2009,132,Cabo Verde,35405032,193,35405225,35404839,direct
2009,132,Cabo Verde,12254665,728690,12983355,11525975,mirror
2009,226,Guiné Equatorial,358423820,1055071473,1413495293,-696647653,direct
2009,508,Moçambique,339133810,177554369,516688179,161579441,direct
2009,508,Moçambique,173121172,74477597,247598769,98643575,mirror
2009,620,Portugal,1923516206,480929852,2404446058,1442586354,direct
2009,620,Portugal,1548054597,304429808,1852484405,1243624789,mirror
2009,624,Guiné-Bissau,23193644,1617183,24810827,21576461,direct
2009,626,Timor-Leste,23260240,22765,23283005,23237475,direct
2009,678,São Tomé e Príncipe,2197926,4280,2202206,2193646,direct
2009,678,São Tomé e Príncipe,1487696,0,1487696,1487696,mirror
2010,24,Angola,2003872576,22815049454,24818922030,-20811176878,direct
2010,24,Angola,1829198708,20963245476,22792444184,-19134046768,mirror
2010,76,Brasil,24460651866,38099447351,62560099217,-13638795485,direct
2010,76,Brasil,27829289501,30747553704,58576843205,-2918264203,mirror
2010,132,Cabo Verde,34335093,12060,34347153,34323033,direct
2010,132,Cabo Verde,31357861,1853631,33211492,29504230,mirror
2010,226,Guiné Equatorial,456241241,598657025,1054898266,-142415784,direct
2010,508,Moçambique,496391036,201077529,697468565,295313507,direct
2010,508,Moçambique,130041706,79567735,209609441,50473971,mirror
2010,620,Portugal,2513317692,754426018,3267743710,1758891674,direct
2010,620,Portugal,2081979618,304007116,2385986734,1777972502,mirror
2010,624,Guiné-Bissau,9433700,3862870,13296570,5570830,direct
2010,626,Timor-Leste,42832008,250487,43082495,42581521,direct
2010,678,São Tomé e Príncipe,2054289,10397,2064686,2043892,direct
2010,678,São Tomé e Príncipe,2487743,0,2487743,2487743,mirror
2011,24,Angola,2784153366,24922180492,27706333858,-22138027126,direct
2011,24,Angola,1837128963,24360792847,26197921810,-22523663884,mirror
2011,76,Brasil,31836677325,52386750280,84223427605,-20550072955,direct
2011,76,Brasil,35022851315,44304607898,79327459213,-9281756583,mirror
2011,132,Cabo Verde,49751685,12062,49763747,49739623,direct
2011,132,Cabo Verde,24351819,151747,24503566,24200072,mirror
2011,226,Guiné Equatorial,266317114,1672947440,1939264554,-1406630326,direct
2011,508,Moçambique,700247026,257241199,957488225,443005827,direct
2011,508,Moçambique,373846000,167692000,541538000,206154000,mirror
2011,620,Portugal,2801433742,1162063935,3963497677,1639369807,direct
2011,620,Portugal,2124872846,551947483,2676820329,1572925363,mirror
2011,624,Guiné-Bissau,14850937,4112691,18963628,10738246,direct
2011,626,Timor-Leste,70432762,1742791,72175553,68689971,direct
2011,678,São Tomé e Príncipe,1792170,1639,1793809,1790531,direct
2011,678,São Tomé e Príncipe,2405847,0,2405847,2405847,mirror
2012,24,Angola,4039171270,33561896917,37601068187,-29522725647,direct
2012,24,Angola,3457048494,33710030023,37167078517,-30252981529,mirror
2012,76,Brasil,33413633342,52281126771,85694760113,-18867493429,direct
2012,76,Brasil,36467430827,41225811420,77693242247,-4758380593,mirror
2012,132,Cabo Verde,57490473,1115,57491588,57489358,direct
2012,132,Cabo Verde,22704243,237941,22942184,22466302,mirror
2012,226,Guiné Equatorial,361434154,1822803333,2184237487,-1461369179,direct
2012,508,Moçambique,940887034,403320479,1344207513,537566555,direct
2012,508,Moçambique,350229080,637337269,987566349,-287108189,mirror
2012,620,Portugal,2501157554,1514582001,4015739555,986575553,direct
2012,620,Portugal,1789520668,1000472609,2789993277,789048059,mirror
2012,624,Guiné-Bissau,15894649,6633460,22528109,9261189,direct
2012,626,Timor-Leste,62473520,688156,63161676,61785364,direct
2012,678,São Tomé e Príncipe,3007612,43026,3050638,2964586,direct
2012,678,São Tomé e Príncipe,2550348,0,2550348,2550348,mirror
2013,24,Angola,3964058933,31972669347,35936728280,-28008610414,direct
2013,24,Angola,2807559763,31947235081,34754794844,-29139675318,mirror
2013,76,Brasil,35895471244,54299122653,90194593897,-18403651409,direct
2013,76,Brasil,39632451587,46023192076,85655643663,-6390740489,mirror
2013,132,Cabo Verde,61996094,160,61996254,61995934,direct
2013,132,Cabo Verde,22555441,0,22555441,22555441,mirror
2013,226,Guiné Equatorial,357517241,2469917950,2827435191,-2112400709,direct
2013,508,Moçambique,1199293242,454874745,1654167987,744418497,direct
2013,508,Moçambique,644120790,104979956,749100746,539140834,mirror
2013,620,Portugal,2506863699,1399460781,3906324480,1107402918,direct
2013,620,Portugal,1819905871,872827143,2692733014,947078728,mirror
2013,624,Guiné-Bissau,11889575,16827743,28717318,-4938168,direct
2013,626,Timor-Leste,47386367,397037,47783404,46989330,direct
2013,626,Timor-Leste,33546358,184870,33731228,33361488,mirror
2013,678,São Tomé e Príncipe,4862029,2464,4864493,4859565,direct
2013,678,São Tomé e Príncipe,2430132,0,2430132,2430132,mirror
2014,24,Angola,5974996819,31106015046,37081011865,-25131018227,direct
2014,24,Angola,3428512382,27527110851,30955623233,-24098598469,mirror
2014,76,Brasil,34890134489,51653224893,86543359382,-16763090404,direct
2014,76,Brasil,39351980622,40611876675,79963857297,-1259896053,mirror
2014,132,Cabo Verde,51223437,3020,51226457,51220417,direct
2014,132,Cabo Verde,31360174,360,31360534,31359814,mirror
2014,226,Guiné Equatorial,352515328,3217190248,3569705576,-2864674920,direct
2014,508,Moçambique,1968739789,1649822358,3618562147,318917431,direct
2014,508,Moçambique,700020740,204188480,904209220,495832260,mirror
2014,620,Portugal,3137073216,1663291480,4800364696,1473781736,direct
2014,620,Portugal,2123608142,1115531092,3239139234,1008077050,mirror
2014,624,Guiné-Bissau,17153183,49956236,67109419,-32803053,direct
2014,624,Guiné-Bissau,3455963,1733252,5189215,1722711,mirror
2014,626,Timor-Leste,60341649,99850,60441499,60241799,direct
2014,678,São Tomé e Príncipe,5727717,474,5728191,5727243,direct
2014,678,São Tomé e Príncipe,3993650,9008,4002658,3984642,mirror
2015,24,Angola,3717145883,16001611383,19718757266,-12284465500,direct
2015,24,Angola,3311091334,14320565527,17631656861,-11009474193,mirror
2015,76,Brasil,27412225426,44089358062,71501583488,-16677132636,direct
2015,76,Brasil,31999007995,35155353691,67154361686,-3156345696,mirror
2015,132,Cabo Verde,43300195,22606,43322801,43277589,direct
2015,132,Cabo Verde,33485266,0,33485266,33485266,mirror
2015,226,Guiné Equatorial,261389919,1166496464,1427886383,-905106545,direct
2015,508,Moçambique,1938023358,452616050,2390639408,1485407308,direct
2015,508,Moçambique,986859102,91718521,1078577623,895140581,mirror
2015,620,Portugal,2894923138,1461543018,4356466156,1433380120,direct
2015,620,Portugal,1971045287,930208729,2901254016,1040836558,mirror
2015,624,Guiné-Bissau,17482677,17812428,35295105,-329751,direct
2015,624,Guiné-Bissau,3053563,47102428,50155991,-44048865,mirror
2015,626,Timor-Leste,104529645,724858,105254503,103804787,direct
2015,678,São Tomé e Príncipe,5956741,33209,5989950,5923532,direct
2015,678,São Tomé e Príncipe,4578332,0,4578332,4578332,mirror
2016,24,Angola,1680398624,13966117080,15646515704,-12285718456,direct
2016,24,Angola,1674919663,13923091960,15598011623,-12248172297,mirror
2016,76,Brasil,21976152765,45855047246,67831200011,-23878894481,direct
2016,76,Brasil,24414045617,35133314867,59547360484,-10719269250,mirror
2016,132,Cabo Verde,48671438,83281,48754719,48588157,direct
2016,132,Cabo Verde,32164574,0,32164574,32164574,mirror
2016,226,Guiné Equatorial,148253831,631851506,780105337,-483597675,direct
2016,508,Moçambique,1308557797,479356871,1787914668,829200926,direct
2016,508,Moçambique,417895402,142713547,560608949,275181855,mirror
2016,620,Portugal,4002119526,1582818088,5584937614,2419301438,direct
2016,620,Portugal,2012900185,748403645,2761303830,1264496540,mirror
2016,624,Guiné-Bissau,21236460,161227,21397687,21075233,direct
2016,624,Guiné-Bissau,4333857,1223114,5556971,3110743,mirror
2016,626,Timor-Leste,164272800,291606,164564406,163981194,direct
2016,678,São Tomé e Príncipe,6404491,17722,6422213,6386769,direct
2016,678,São Tomé e Príncipe,7476520,0,7476520,7476520,mirror
2017,24,Angola,2257453225,20698709467,22956162692,-18441256242,direct
2017,24,Angola,2098359036,19533675666,21632034702,-17435316630,mirror
2017,76,Brasil,28950538235,58857155273,87807693508,-29906617038,direct
2017,76,Brasil,29094836692,47488449966,76583286658,-18393613274,mirror
2017,132,Cabo Verde,69239870,8010,69247880,69231860,direct
2017,132,Cabo Verde,42845871,140533,42986404,42705338,mirror
2017,226,Guiné Equatorial,166217956,1483835026,1650052982,-1317617070,direct
2017,508,Moçambique,1306746135,528715219,1835461354,778030916,direct
2017,508,Moçambique,493354981,252607858,745962839,240747123,mirror
2017,620,Portugal,3445214944,2139178524,5584393468,1306036420,direct
2017,620,Portugal,2318106446,950227440,3268333886,1367879006,mirror
2017,624,Guiné-Bissau,33724346,402375,34126721,33321971,direct
2017,624,Guiné-Bissau,10957370,575000,11532370,10382370,mirror
2017,626,Timor-Leste,132596622,1573168,134169790,131023454,direct
2017,626,Timor-Leste,88937280,2051519,90988799,86885761,mirror
2017,678,São Tomé e Príncipe,6901858,710,6902568,6901148,direct
2017,678,São Tomé e Príncipe,7413843,122860,7536703,7290983,mirror
2018,24,Angola,2253137107,25826510355,28079647462,-23573373248,direct
2018,24,Angola,2312650647,24147346747,26459997394,-21834696100,mirror
2018,76,Brasil,33665139187,77569499985,111234639172,-43904360798,direct
2018,76,Brasil,36715527802,63929563241,100645091043,-27214035439,mirror
2018,132,Cabo Verde,78265751,290397,78556148,77975354,direct
2018,132,Cabo Verde,47253809,470025,47723834,46783784,mirror
2018,226,Guiné Equatorial,145146401,2139372096,2284518497,-1994225695,direct
2018,508,Moçambique,1861780970,633533508,2495314478,1228247462,direct
2018,508,Moçambique,948740798,249012732,1197753530,699728066,mirror
2018,620,Portugal,3750198143,2249055585,5999253728,1501142558,direct
2018,620,Portugal,3002831407,845854059,3848685466,2156977348,mirror
2018,624,Guiné-Bissau,29831705,7638682,37470387,22193023,direct
2018,624,Guiné-Bissau,9319925,71324917,80644842,-62004992,mirror
2018,626,Timor-Leste,132389717,3014403,135404120,129375314,direct
2018,626,Timor-Leste,65157299,2187160,67344459,62970139,mirror
2018,678,São Tomé e Príncipe,7255124,49225,7304349,7205899,direct
2018,678,São Tomé e Príncipe,8638576,0,8638576,8638576,mirror
2019,24,Angola,2055727417,23837402142,25893129559,-21781674725,direct
2019,24,Angola,2032762130,21365762619,23398524749,-19333000489,mirror
2019,76,Brasil,35539063912,79962547047,115501610959,-44423483135,direct
2019,76,Brasil,37463786493,63357523149,100821309642,-25893736656,mirror
2019,132,Cabo Verde,64166991,28691,64195682,64138300,direct
2019,132,Cabo Verde,58336432,189949,58526381,58146483,mirror
2019,226,Guiné Equatorial,113204451,1723064057,1836268508,-1609859606,direct
2019,508,Moçambique,1957695041,713241603,2670936644,1244453438,direct
2019,508,Moçambique,864164035,326819809,1190983844,537344226,mirror
2019,620,Portugal,4366438258,2322314576,6688752834,2044123682,direct
2019,620,Portugal,3306269757,673894329,3980164086,2632375428,mirror
2019,624,Guiné-Bissau,31938678,8402360,40341038,23536318,direct
2019,626,Timor-Leste,142948758,24564329,167513087,118384429,direct
2019,626,Timor-Leste,69378630,19557690,88936320,49820940,mirror
2019,678,São Tomé e Príncipe,8920559,13720,8934279,8906839,direct
2019,678,São Tomé e Príncipe,8979192,0,8979192,8979192,mirror
2020,24,Angola,1748092204,14757730338,16505822542,-13009638134,direct
2020,24,Angola,1423129386,13134898730,14558028116,-11711769344,mirror
2020,76,Brasil,34953227525,85517209220,120470436745,-50563981695,direct
2020,76,Brasil,36737797587,67788075211,104525872798,-31050277624,mirror
2020,132,Cabo Verde,77836679,1209992,79046671,76626687,direct
2020,132,Cabo Verde,69074931,0,69074931,69074931,mirror
2020,226,Guiné Equatorial,122120216,1182549225,1304669441,-1060429009,direct
2020,508,Moçambique,2000068552,579498619,2579567171,1420569933,direct
2020,508,Moçambique,702861839,261166646,964028485,441695193,mirror
2020,620,Portugal,4180565068,2772488349,6953053417,1408076719,direct
2020,620,Portugal,3503360607,648055723,4151416330,2855304884,mirror
2020,624,Guiné-Bissau,51430636,5381,51436017,51425255,direct
2020,626,Timor-Leste,191272397,1210615,192483012,190061782,direct
2020,626,Timor-Leste,78407413,1274455,79681868,77132958,mirror
2020,678,São Tomé e Príncipe,20313472,46656,20360128,20266816,direct
2020,678,São Tomé e Príncipe,6652830,0,6652830,6652830,mirror
2021,24,Angola,2437309104,21027427353,23464736457,-18590118249,direct
2021,24,Angola,1716796322,20325213663,22042009985,-18608417341,mirror
2021,76,Brasil,53258848788,109944552097,163203400885,-56685703309,direct
2021,76,Brasil,53464016770,87907887856,141371904626,-34443871086,mirror
2021,132,Cabo Verde,83385009,1146922,84531931,82238087,direct
2021,132,Cabo Verde,76638820,319851,76958671,76318969,mirror
2021,226,Guiné Equatorial,122333747,1215192615,1337526362,-1092858868,direct
2021,508,Moçambique,2828107658,1144564129,3972671787,1683543529,direct
2021,508,Moçambique,945520701,490775444,1436296145,454745257,mirror
2021,620,Portugal,5318431959,3451149913,8769581872,1867282046,direct
2021,620,Portugal,4664976839,807727279,5472704118,3857249560,mirror
2021,624,Guiné-Bissau,88099385,1111,88100496,88098274,direct
2021,626,Timor-Leste,253847306,113151290,366998596,140696016,direct
2021,626,Timor-Leste,72790050,108911278,181701328,-36121228,mirror
2021,678,São Tomé e Príncipe,14905131,132797,15037928,14772334,direct
2021,678,São Tomé e Príncipe,11933665,0,11933665,11933665,mirror
2022,24,Angola,4096911182,23245987158,27342898340,-19149075976,direct
2022,24,Angola,2855930451,21905067246,24760997697,-19049136795,mirror
2022,76,Brasil,61969970590,109522043335,171492013925,-47552072745,direct
2022,76,Brasil,67767819341,89718898618,157486717959,-21951079277,mirror
2022,132,Cabo Verde,92964632,20486,92985118,92944146,direct
2022,132,Cabo Verde,59668898,55430,59724328,59613468,mirror
2022,226,Guiné Equatorial,230727369,1516383585,1747110954,-1285656216,direct
2022,508,Moçambique,3292124290,1340115953,4632240243,1952008337,direct
2022,508,Moçambique,1060884512,428515793,1489400305,632368719,mirror
2022,620,Portugal,5978101967,3036088177,9014190144,2942013790,direct
2022,620,Portugal,5904237757,665661231,6569898988,5238576526,mirror
2022,624,Guiné-Bissau,56515898,2563,56518461,56513335,direct
2022,626,Timor-Leste,290483027,145356984,435840011,145126043,direct
2022,626,Timor-Leste,138286424,123178286,261464710,15108138,mirror
2022,678,São Tomé e Príncipe,15287781,150051,15437832,15137730,direct
2022,678,São Tomé e Príncipe,8398203,18410,8416613,8379793,mirror
2023,24,Angola,4141201134,18911371439,23052572573,-14770170305,direct
2023,24,Angola,2510127233,17957559722,20467686955,-15447432489,mirror
2023,76,Brasil,59105409511,122490613944,181596023455,-63385204433,direct
2023,76,Brasil,55980490153,104324811805,160305301958,-48344321652,mirror
2023,132,Cabo Verde,103216267,72199,103288466,103144068,direct
2023,132,Cabo Verde,96887571,2975700,99863271,93911871,mirror
2023,226,Guiné Equatorial,201839875,1371085246,1572925121,-1169245371,direct
2023,508,Moçambique,3715538051,1770862046,5486400097,1944676005,direct
2023,508,Moçambique,1551711000,1175363000,2727074000,376348000,mirror
2023,620,Portugal,5792299358,2912033496,8704332854,2880265862,direct
2023,620,Portugal,5644251365,831886048,6476137413,4812365317,mirror
2023,624,Guiné-Bissau,62694163,1533,62695696,62692630,direct
2023,626,Timor-Leste,261792339,74686915,336479254,187105424,direct
2023,626,Timor-Leste,128629751,76212751,204842502,52417000,mirror
2023,678,São Tomé e Príncipe,11564851,69344,11634195,11495507,direct
2023,678,São Tomé e Príncipe,8299103,319,8299422,8298784,mirror
2024,24,Angola,3243273029,17646135616,20889408645,-14402862587,direct
2024,24,Angola,2273771988,16287689771,18561461759,-14013917783,mirror
2024,76,Brasil,72073827084,116140612461,188214439545,-44066785377,direct
2024,76,Brasil,69186022713,94411140802,163597163515,-25225118089,mirror
2024,132,Cabo Verde,113894594,13758,113908352,113880836,direct
2024,132,Cabo Verde,47677179,0,47677179,47677179,mirror
2024,226,Guiné Equatorial,170415618,986265140,1156680758,-815849522,direct
2024,508,Moçambique,3383809482,1834033154,5217842636,1549776328,direct
2024,508,Moçambique,1496370536,1349283253,2845653789,147087283,mirror
2024,620,Portugal,6112620649,3170566032,9283186681,2942054617,direct
2024,620,Portugal,5369202397,643177980,6012380377,4726024417,mirror
2024,624,Guiné-Bissau,97583580,867,97584447,97582713,direct
2024,626,Timor-Leste,265565476,1033992,266599468,264531484,direct
2024,678,São Tomé e Príncipe,20922119,17483,20939602,20904636,direct
